first_name,last_name,email
Farlay,Leighton,fleighton0@msu.edu
Eustacia,Pentycross,epentycross1@studiopress.com
Koenraad,Iremonger,kiremonger2@amazon.de
Allyn,Angrove,aangrove3@gizmodo.com
Thebault,Mandifield,tmandifield4@nps.gov
Westbrook,Dalman,wdalman5@addthis.com
Sandro,Chanson,schanson6@godaddy.com
Gustavo,Blaxlande,gblaxlande7@shop-pro.jp
Randal,Casse,rcasse8@loc.gov
Roch,Hacket,rhacket9@cyberchimps.com
Ingra,Tilte,itiltea@howstuffworks.com
Guinevere,Fancutt,gfancuttb@senate.gov
Marj,De Robertis,mderobertisc@soundcloud.com
Peyter,Fetherston,pfetherstond@berkeley.edu
Nealson,Glading,ngladinge@photobucket.com
Linc,Johnikin,ljohnikinf@pen.io
Nissy,Julyan,njulyang@pen.io
Elihu,Loftie,eloftieh@imdb.com
Demetrius,Adamovich,dadamovichi@icq.com
Evelyn,Perle,eperlej@mozilla.com
Nonah,Mamwell,nmamwellk@opera.com
Odele,Redish,oredishl@bravesites.com
Golda,Flather,gflatherm@jalbum.net
Angelle,Doog,adoogn@tripadvisor.com
Pauline,Rosbottom,prosbottomo@trellian.com
Billy,Thys,bthysp@shinystat.com
Granthem,Kemmish,gkemmishq@about.me
Rafe,Tufts,rtuftsr@answers.com
Blaine,Raspison,braspisons@sohu.com
Torrey,Joontjes,tjoontjest@princeton.edu
Fiorenze,Chittey,fchitteyu@pbs.org
Lucio,Panswick,lpanswickv@noaa.gov
Peirce,Thome,pthomew@barnesandnoble.com
Pippa,Fozard,pfozardx@icq.com
Llewellyn,Juris,ljurisy@over-blog.com
Nichole,Rickett,nrickettz@jimdo.com
Jamey,Dearn,jdearn10@youtu.be
Modestia,Bockmann,mbockmann11@bing.com
Darda,Skaife,dskaife12@mozilla.com
Cyril,Daughtrey,cdaughtrey13@tumblr.com
Myrta,Bazoge,mbazoge14@cbsnews.com
Neila,Vesco,nvesco15@ibm.com
Maridel,Vales,mvales16@jimdo.com
Vanessa,Cawker,vcawker17@cdc.gov
Erna,Braidon,ebraidon18@gizmodo.com
Michaelina,Cudihy,mcudihy19@wordpress.com
Cherey,Stammler,cstammler1a@multiply.com
Cammie,Kinneally,ckinneally1b@arstechnica.com
Jon,Renny,jrenny1c@amazon.co.jp
Joshia,Tidey,jtidey1d@jimdo.com
Rosanne,Dartnall,rdartnall1e@php.net
Garrot,Gerish,ggerish1f@nsw.gov.au
Dori,Leeves,dleeves1g@twitpic.com
Marla,Bateup,mbateup1h@feedburner.com
Rustie,Hursthouse,rhursthouse1i@wordpress.com
Vonnie,Benoi,vbenoi1j@dedecms.com
Eberto,Shimwall,eshimwall1k@creativecommons.org
Rouvin,Bowker,rbowker1l@yahoo.co.jp
North,Horley,nhorley1m@studiopress.com
Reuben,Hurne,rhurne1n@about.com
Alon,Arrighini,aarrighini1o@stumbleupon.com
Maximo,Ockleshaw,mockleshaw1p@csmonitor.com
Ginevra,Raubenheim,graubenheim1q@vimeo.com
Jeana,Tysack,jtysack1r@bigcartel.com
Zachary,Arman,zarman1s@wikimedia.org
Towney,Breakwell,tbreakwell1t@miibeian.gov.cn
Dona,Skeech,dskeech1u@taobao.com
Trenton,Deane,tdeane1v@adobe.com
Rafaela,Leuchars,rleuchars1w@theglobeandmail.com
Milly,Lilie,mlilie1x@xing.com
Enrica,Pirdy,epirdy1y@ycombinator.com
Chryste,MacKall,cmackall1z@last.fm
Win,Thewles,wthewles20@hostgator.com
Ignaz,Iwanczyk,iiwanczyk21@wufoo.com
Danica,Giacomo,dgiacomo22@google.co.jp
Holly,Whitmell,hwhitmell23@google.de
Fred,McAlindon,fmcalindon24@soup.io
Mata,Pulbrook,mpulbrook25@csmonitor.com
Dannie,Farraway,dfarraway26@macromedia.com
Saraann,Tockell,stockell27@aboutads.info
Linn,Deacock,ldeacock28@free.fr
Prudi,O'Crowley,pocrowley29@economist.com
Mureil,Bruhn,mbruhn2a@amazon.co.uk
Leonard,Legerwood,llegerwood2b@mit.edu
Emyle,Jagoe,ejagoe2c@yolasite.com
Valina,Lound,vlound2d@ca.gov
Thia,Marlowe,tmarlowe2e@omniture.com
Nona,Bruhnke,nbruhnke2f@dyndns.org
Merle,Bellelli,mbellelli2g@amazon.de
Fran,Sedworth,fsedworth2h@sciencedirect.com
Candace,Hearse,chearse2i@odnoklassniki.ru
Rey,Mouland,rmouland2j@psu.edu
Walt,Hornbuckle,whornbuckle2k@wiley.com
Glynnis,Tomasini,gtomasini2l@myspace.com
Hedvige,Goggins,hgoggins2m@exblog.jp
Myrle,Yankishin,myankishin2n@stanford.edu
Rafaelia,Gaynesford,rgaynesford2o@cisco.com
Emilee,Gaudin,egaudin2p@upenn.edu
Ara,Conan,aconan2q@vimeo.com
Rebecka,Pimm,rpimm2r@ucoz.com
Amil,Broster,abroster2s@illinois.edu
Becca,Dunstone,bdunstone2t@is.gd
Loise,Gillise,lgillise2u@themeforest.net
Dayle,Beardwell,dbeardwell2v@princeton.edu
Clayborn,Matthias,cmatthias2w@eventbrite.com
Judye,Jaine,jjaine2x@phpbb.com
Jessamyn,Wipfler,jwipfler2y@homestead.com
Emmerich,Chippindale,echippindale2z@marketwatch.com
Ree,McAlister,rmcalister30@livejournal.com
Abagael,Dosdell,adosdell31@microsoft.com
Edvard,Beddon,ebeddon32@aboutads.info
Barris,Proby,bproby33@google.com.hk
Leeland,Rainford,lrainford34@skype.com
Prentiss,Redhole,predhole35@tiny.cc
Marilin,Kroll,mkroll36@example.com
Jean,Huntress,jhuntress37@bing.com
Quintana,Filyushkin,qfilyushkin38@ycombinator.com
Drucy,Hearnes,dhearnes39@biglobe.ne.jp
Germayne,Fellnee,gfellnee3a@washingtonpost.com
Ruby,Hargroves,rhargroves3b@blogspot.com
Clark,Othen,cothen3c@state.tx.us
Costa,Peck,cpeck3d@adobe.com
Sylvan,Shinner,sshinner3e@acquirethisname.com
Andee,Grattan,agrattan3f@mayoclinic.com
Shae,Casaroli,scasaroli3g@java.com
Olva,Breche,obreche3h@chronoengine.com
Corty,Bettenay,cbettenay3i@linkedin.com
Rourke,Addionisio,raddionisio3j@fema.gov
Zachery,Leipold,zleipold3k@si.edu
Mersey,Mapplebeck,mmapplebeck3l@forbes.com
Melicent,Malham,mmalham3m@dell.com
Reuben,Challoner,rchalloner3n@latimes.com
Lilllie,Hugnin,lhugnin3o@hc360.com
Dorry,Petley,dpetley3p@loc.gov
Jacenta,Whate,jwhate3q@telegraph.co.uk
Rice,Oxenford,roxenford3r@over-blog.com
Doy,Slott,dslott3s@discuz.net
Lucio,Kalisz,lkalisz3t@tumblr.com
Udall,Minett,uminett3u@independent.co.uk
Erroll,Cowtherd,ecowtherd3v@reference.com
Maxie,Dripp,mdripp3w@miibeian.gov.cn
Reynold,Kerne,rkerne3x@globo.com
Crysta,Dwyr,cdwyr3y@china.com.cn
Jelene,Bordiss,jbordiss3z@g.co
Clara,Barends,cbarends40@bloomberg.com
Elvera,Dimic,edimic41@uiuc.edu
Gardy,Sennett,gsennett42@ifeng.com
Alard,Noades,anoades43@meetup.com
Oralla,Ratt,oratt44@mail.ru
Clevey,Adamov,cadamov45@youku.com
Hakim,Hilary,hhilary46@bing.com
Paula,De Stoop,pdestoop47@discuz.net
Tremain,Swalwell,tswalwell48@biblegateway.com
Lemuel,Runnalls,lrunnalls49@diigo.com
Cymbre,Sterricks,csterricks4a@hao123.com
Norby,Pinch,npinch4b@wikispaces.com
Corbet,Natte,cnatte4c@scribd.com
Ruddie,Shadfourth,rshadfourth4d@ibm.com
Kean,Gwyn,kgwyn4e@fema.gov
Wallache,Falco,wfalco4f@smh.com.au
Marquita,Aisthorpe,maisthorpe4g@dell.com
Estell,Scapens,escapens4h@columbia.edu
Bartholomew,Denerley,bdenerley4i@reference.com
Ezechiel,Swayne,eswayne4j@posterous.com
Leo,Dabes,ldabes4k@hp.com
Granny,Patience,gpatience4l@house.gov
Angelico,Bedle,abedle4m@scientificamerican.com
Elaina,Janca,ejanca4n@technorati.com
Tommy,Vaney,tvaney4o@nhs.uk
Colene,Dinan,cdinan4p@salon.com
Harrie,Bitchener,hbitchener4q@plala.or.jp
Claudette,Kanwell,ckanwell4r@squarespace.com
Roddy,Sidry,rsidry4s@huffingtonpost.com
Deborah,Valentinetti,dvalentinetti4t@rambler.ru
Emelita,Dehmel,edehmel4u@gmpg.org
Jeni,Donaway,jdonaway4v@netscape.com
Melba,Lyst,mlyst4w@nationalgeographic.com
Rosella,Simmell,rsimmell4x@hhs.gov
Helena,Nias,hnias4y@deliciousdays.com
Inna,Worling,iworling4z@dmoz.org
Yancy,Oxtoby,yoxtoby50@reference.com
Flss,Hallsworth,fhallsworth51@nba.com
Klaus,Vallender,kvallender52@ustream.tv
Lusa,Bletsor,lbletsor53@goo.gl
Sal,Nolleth,snolleth54@pen.io
Prissie,Prinn,pprinn55@skyrock.com
Maren,Worrall,mworrall56@baidu.com
Adolpho,Gallop,agallop57@studiopress.com
Brenna,Fyrth,bfyrth58@amazon.com
Star,Circuitt,scircuitt59@wp.com
Marylinda,McCome,mmccome5a@tumblr.com
Rafaellle,Harrigan,rharrigan5b@youtu.be
Debora,Blakeden,dblakeden5c@etsy.com
Osmund,Smallthwaite,osmallthwaite5d@illinois.edu
Allix,Weaver,aweaver5e@flavors.me
Barde,Twitchings,btwitchings5f@reddit.com
Elena,Townes,etownes5g@discovery.com
Rainer,Cosgreave,rcosgreave5h@ovh.net
Anjanette,Lanyon,alanyon5i@gizmodo.com
Cassandre,Gillon,cgillon5j@chicagotribune.com
Briggs,Stileman,bstileman5k@flickr.com
Katharine,Glaister,kglaister5l@youtu.be
Jarrid,Dey,jdey5m@java.com
Bartolemo,Falkus,bfalkus5n@printfriendly.com
Timothy,Simoncelli,tsimoncelli5o@1und1.de
Ernesta,Maypole,emaypole5p@reference.com
Edgar,Maddock,emaddock5q@icq.com
Viviana,MacGebenay,vmacgebenay5r@dot.gov
Nicko,Dymond,ndymond5s@dagondesign.com
Gigi,Lummis,glummis5t@pen.io
Nevil,McGuane,nmcguane5u@dailymail.co.uk
Paulo,Howlin,phowlin5v@wsj.com
Ashley,Mawtus,amawtus5w@deviantart.com
Forrester,Micheu,fmicheu5x@nba.com
Zuzana,Hutchinson,zhutchinson5y@opera.com
Antonie,MacGiolla Pheadair,amacgiollapheadair5z@tamu.edu
Olia,Gummer,ogummer60@uol.com.br
Byran,Fairrie,bfairrie61@edublogs.org
Ertha,Lumb,elumb62@wikia.com
Levey,Brockett,lbrockett63@liveinternet.ru
Aretha,Gianotti,agianotti64@chronoengine.com
Callean,Sutherland,csutherland65@ezinearticles.com
Ryley,Poppleston,rpoppleston66@tripadvisor.com
Whitney,Woolf,wwoolf67@blogs.com
Doria,Fuge,dfuge68@blogtalkradio.com
Desmond,Gedney,dgedney69@biglobe.ne.jp
Fernando,Caple,fcaple6a@aboutads.info
Tobit,Fryatt,tfryatt6b@topsy.com
Agace,Lockless,alockless6c@edublogs.org
Heda,Bartholat,hbartholat6d@bing.com
Mendel,Buzza,mbuzza6e@flickr.com
Venus,Stothart,vstothart6f@thetimes.co.uk
Reta,Antonchik,rantonchik6g@altervista.org
Kizzie,Niesegen,kniesegen6h@desdev.cn
Benedetto,Verick,bverick6i@cargocollective.com
Lanny,Jamison,ljamison6j@tripod.com
Ware,Stuehmeier,wstuehmeier6k@imageshack.us
Brade,Creenan,bcreenan6l@spotify.com
Hillyer,Skeel,hskeel6m@nymag.com
Sigfrid,Harmes,sharmes6n@pen.io
Lin,Falshaw,lfalshaw6o@wired.com
Kyle,Spore,kspore6p@acquirethisname.com
Salmon,Taggerty,staggerty6q@mayoclinic.com
Patty,Asker,pasker6r@rambler.ru
Kelbee,Hewins,khewins6s@jiathis.com
Rand,Tarry,rtarry6t@g.co
Cherri,Flavelle,cflavelle6u@npr.org
Alverta,Rottcher,arottcher6v@technorati.com
Sunshine,Dunckley,sdunckley6w@google.fr
Jodi,Rouse,jrouse6x@boston.com
Marin,Elletson,melletson6y@archive.org
Sheppard,Mohamed,smohamed6z@wufoo.com
Roger,Battlestone,rbattlestone70@wordpress.org
Bartlet,Grundey,bgrundey71@nymag.com
Benn,Ivanyushkin,bivanyushkin72@cbslocal.com
Flor,Leat,fleat73@redcross.org
Georas,Harsum,gharsum74@zimbio.com
Noach,Lowen,nlowen75@discovery.com
Goldarina,MacCostigan,gmaccostigan76@vkontakte.ru
Teresa,Lorrie,tlorrie77@dedecms.com
Kathryn,Clappison,kclappison78@netscape.com
Genia,Sworder,gsworder79@cpanel.net
Bayard,Elgy,belgy7a@google.ru
William,Strood,wstrood7b@va.gov
Lucinda,Genike,lgenike7c@google.fr
Rip,Ciraldo,rciraldo7d@soundcloud.com
Eliza,Chessor,echessor7e@baidu.com
Dione,Talby,dtalby7f@imgur.com
Kristoforo,Ilymanov,kilymanov7g@bloglines.com
Corenda,Adne,cadne7h@1688.com
Bryanty,Skein,bskein7i@freewebs.com
Beck,MacLice,bmaclice7j@google.com.au
Samara,Putley,sputley7k@i2i.jp
Chery,Jillings,cjillings7l@youtube.com
Aindrea,Dommersen,adommersen7m@japanpost.jp
Cordie,Trudgian,ctrudgian7n@jimdo.com
Lesli,Shegog,lshegog7o@house.gov
Vernon,Zuenelli,vzuenelli7p@netscape.com
Ingaberg,Carcas,icarcas7q@bbb.org
Cecilius,Partrick,cpartrick7r@ocn.ne.jp
Marris,Chicchelli,mchicchelli7s@microsoft.com
Eal,Selley,eselley7t@hao123.com
Adolphe,Jalland,ajalland7u@biblegateway.com
Ezekiel,Vossgen,evossgen7v@answers.com
Dyane,Fortescue,dfortescue7w@google.pl
Ashlie,Locard,alocard7x@vk.com
Kissee,Filde,kfilde7y@exblog.jp
Brittne,Piddick,bpiddick7z@twitter.com
Hasheem,Shackle,hshackle80@printfriendly.com
Lenci,Danilovich,ldanilovich81@google.com.au
Lewie,Fernao,lfernao82@berkeley.edu
Regina,Ossenna,rossenna83@salon.com
Morlee,Ricciardi,mricciardi84@dedecms.com
Sibel,Hicklingbottom,shicklingbottom85@ca.gov
Jedediah,Marielle,jmarielle86@independent.co.uk
Stephine,Sigsworth,ssigsworth87@ed.gov
Rakel,McGirr,rmcgirr88@auda.org.au
Jarvis,Palley,jpalley89@over-blog.com
Nicholas,Felkin,nfelkin8a@g.co
Gusty,Lindup,glindup8b@topsy.com
Jennilee,Chimenti,jchimenti8c@nymag.com
Constantia,Pally,cpally8d@auda.org.au
Jana,Overill,joverill8e@sitemeter.com
Ephraim,Janko,ejanko8f@intel.com
Leonora,Voller,lvoller8g@theglobeandmail.com
Tait,Jarrell,tjarrell8h@umn.edu
Dory,Sutherns,dsutherns8i@wikimedia.org
Ignazio,Soppeth,isoppeth8j@nymag.com
Eliot,Farrimond,efarrimond8k@dmoz.org
Guthrie,Gonnet,ggonnet8l@a8.net
Lou,Delaprelle,ldelaprelle8m@linkedin.com
Aryn,Van der Hoven,avanderhoven8n@last.fm
Francis,Exter,fexter8o@yellowpages.com
Lara,O'Calleran,localleran8p@dmoz.org
Cheston,Rowatt,crowatt8q@webs.com
Steward,Hritzko,shritzko8r@feedburner.com
Ira,Stutte,istutte8s@state.gov
Brinna,Moores,bmoores8t@cnn.com
Erik,Mityashev,emityashev8u@godaddy.com
Kirstyn,Avrasin,kavrasin8v@who.int
Kippar,Mitchell,kmitchell8w@1und1.de
Gerianna,Newport,gnewport8x@jalbum.net
Alano,Annandale,aannandale8y@intel.com
Rolland,Gideon,rgideon8z@sogou.com
Beverie,Isaq,bisaq90@biblegateway.com
Jewelle,Fowlds,jfowlds91@dagondesign.com
Penny,Guihen,pguihen92@thetimes.co.uk
Tressa,Duncklee,tduncklee93@msn.com
Town,D'Agostino,tdagostino94@google.co.jp
Josselyn,Kuller,jkuller95@ox.ac.uk
Kathleen,Mathelin,kmathelin96@bluehost.com
Joscelin,Dell Casa,jdellcasa97@mozilla.org
Izaak,Cackett,icackett98@nationalgeographic.com
Jules,Conboy,jconboy99@tiny.cc
Hobie,Murtimer,hmurtimer9a@hhs.gov
Cati,Fargher,cfargher9b@earthlink.net
Dasi,Hairs,dhairs9c@instagram.com
Hortense,Codlin,hcodlin9d@drupal.org
Amandie,Ragbourne,aragbourne9e@facebook.com
Ephraim,Bartaloni,ebartaloni9f@utexas.edu
Ettie,Middleton,emiddleton9g@netscape.com
Lind,Martinek,lmartinek9h@abc.net.au
Patty,Liggett,pliggett9i@qq.com
Ferdinande,Cattel,fcattel9j@51.la
Maggy,Sketh,msketh9k@typepad.com
Javier,Vivians,jvivians9l@cam.ac.uk
Sharia,Berisford,sberisford9m@marriott.com
Sigmund,Lucas,slucas9n@bing.com
Lorna,Gercke,lgercke9o@so-net.ne.jp
Rhodia,Skerritt,rskerritt9p@twitpic.com
Hercule,Catonne,hcatonne9q@upenn.edu
Eleni,Creedland,ecreedland9r@tripadvisor.com
Christos,Gritton,cgritton9s@goodreads.com
Jack,Stoddard,jstoddard9t@wired.com
Jemima,Giorgietto,jgiorgietto9u@weebly.com
Lyndy,McLane,lmclane9v@de.vu
Idalia,Agastina,iagastina9w@opensource.org
Titus,Cornforth,tcornforth9x@msn.com
Giacomo,Boch,gboch9y@odnoklassniki.ru
Bette-ann,Aizlewood,baizlewood9z@deliciousdays.com
Nolly,Ottam,nottama0@wired.com
Eulalie,Everist,eeverista1@springer.com
Darda,Bolduc,dbolduca2@homestead.com
Scot,Beebe,sbeebea3@toplist.cz
Nikoletta,Rapport,nrapporta4@istockphoto.com
Deb,Rushworth,drushwortha5@jalbum.net
Romola,Benoist,rbenoista6@miibeian.gov.cn
Bunnie,Shinn,bshinna7@freewebs.com
Avram,Reichert,areicherta8@bluehost.com
Ambrosi,Upson,aupsona9@sfgate.com
Olly,Bisacre,obisacreaa@utexas.edu
Hally,Cornier,hcornierab@reverbnation.com
Bruce,Orring,borringac@etsy.com
Jermaine,Goodman,jgoodmanad@myspace.com
Aprilette,Eede,aeedeae@slideshare.net
Prescott,Connechy,pconnechyaf@economist.com
Titos,Noore,tnooreag@chronoengine.com
Jeralee,Murcott,jmurcottah@addtoany.com
Annamaria,Conrad,aconradai@aol.com
Leonie,Milborn,lmilbornaj@dropbox.com
Alexandra,Summerell,asummerellak@symantec.com
Amii,Munday,amundayal@amazon.com
Tiffy,Husby,thusbyam@harvard.edu
Halley,Ahren,hahrenan@senate.gov
Rolland,Sarfas,rsarfasao@moonfruit.com
Janeen,Riba,jribaap@utexas.edu
Shaine,Tilling,stillingaq@mozilla.com
Harlie,Jedrzej,hjedrzejar@spiegel.de
Marion,Matson,mmatsonas@cyberchimps.com
Marena,Polding,mpoldingat@mail.ru
Alis,Payley,apayleyau@oaic.gov.au
Brande,Whitcomb,bwhitcombav@wikipedia.org
Damaris,Redferne,dredferneaw@ning.com
Mortie,Alpes,malpesax@webs.com
Kylila,Lamball,klamballay@123-reg.co.uk
Neal,Battersby,nbattersbyaz@exblog.jp
Hardy,Couchman,hcouchmanb0@gmpg.org
Zita,Allward,zallwardb1@kickstarter.com
Noll,Ullock,nullockb2@toplist.cz
Milty,Merida,mmeridab3@ftc.gov
Gay,Bartleman,gbartlemanb4@ebay.com
Carina,Rubinfajn,crubinfajnb5@gnu.org
Rickie,Epsly,repslyb6@columbia.edu
Alikee,Binks,abinksb7@liveinternet.ru
Billie,Strutton,bstruttonb8@time.com
Annalee,Sadry,asadryb9@jimdo.com
Catie,Carslake,ccarslakeba@cam.ac.uk
Irene,Ogg,ioggbb@ebay.co.uk
Marcie,Padgett,mpadgettbc@springer.com
Allison,Jovanovic,ajovanovicbd@histats.com
Ainslee,Dockray,adockraybe@telegraph.co.uk
Zitella,Matushevich,zmatushevichbf@sphinn.com
Desiree,Mathonnet,dmathonnetbg@google.co.uk
Auguste,Arlett,aarlettbh@bloglovin.com
Tom,Blenkinsop,tblenkinsopbi@dailymotion.com
Melissa,Snoxall,msnoxallbj@csmonitor.com
Ottilie,Zellick,ozellickbk@princeton.edu
Izaak,Marioneau,imarioneaubl@about.com
Nicolai,McLarnon,nmclarnonbm@reverbnation.com
Gilbertina,Trewartha,gtrewarthabn@msn.com
Rachael,Hucke,rhuckebo@altervista.org
Alexio,Standage,astandagebp@reddit.com
Gabbie,Burcher,gburcherbq@uol.com.br
Etty,Wholesworth,ewholesworthbr@dion.ne.jp
Fabe,Ramos,framosbs@who.int
Kettie,Dungay,kdungaybt@tmall.com
Joellen,Bedin,jbedinbu@statcounter.com
Willie,Brosetti,wbrosettibv@livejournal.com
Lenee,Girardi,lgirardibw@google.com
Trenton,Evanson,tevansonbx@ask.com
Bay,Thomann,bthomannby@umn.edu
Matt,Lampen,mlampenbz@smugmug.com
Valerie,O'Dwyer,vodwyerc0@mail.ru
Casie,Ruffey,cruffeyc1@ocn.ne.jp
Stan,MacMechan,smacmechanc2@loc.gov
Sebastiano,Rossbrooke,srossbrookec3@alexa.com
Eve,Macellar,emacellarc4@topsy.com
Vladimir,Crump,vcrumpc5@php.net
Quinn,Edgerley,qedgerleyc6@studiopress.com
Tanny,Rivers,triversc7@youtube.com
Maiga,Rimell,mrimellc8@xrea.com
Brittney,Allsop,ballsopc9@hp.com
Vivia,Uphill,vuphillca@tinyurl.com
Wade,Henriksson,whenrikssoncb@barnesandnoble.com
Maynord,Wharmby,mwharmbycc@sitemeter.com
Cybill,Fiddler,cfiddlercd@is.gd
Donny,Gladdish,dgladdishce@wikia.com
Reynolds,Cullum,rcullumcf@goo.ne.jp
Lock,Jeffcoate,ljeffcoatecg@jimdo.com
Aleece,Mauchline,amauchlinech@parallels.com
Giraud,Baxendale,gbaxendaleci@rediff.com
Lina,Mollett,lmollettcj@so-net.ne.jp
Denny,Jenckes,djenckesck@newsvine.com
Almeria,Franks,afrankscl@google.com.au
Griselda,McCartney,gmccartneycm@furl.net
Grange,Willmot,gwillmotcn@pcworld.com
Lurlene,Craghead,lcragheadco@pbs.org
Willa,Rulton,wrultoncp@opensource.org
Caryl,Frentz,cfrentzcq@washington.edu
Cindi,Hamsley,chamsleycr@google.com.au
Adelbert,Bonnaire,abonnairecs@discovery.com
Gusti,Dutt,gduttct@apache.org
Pauli,Harlick,pharlickcu@creativecommons.org
Sauncho,Dunbobbin,sdunbobbincv@dailymail.co.uk
Gabby,Schustl,gschustlcw@cloudflare.com
Brennen,Glantz,bglantzcx@scribd.com
Tine,Riddel,triddelcy@amazon.de
Barrett,Keith,bkeithcz@linkedin.com
Jacklyn,Martinat,jmartinatd0@godaddy.com
Jamaal,Casely,jcaselyd1@creativecommons.org
Honey,Tulk,htulkd2@ftc.gov
Norbert,Abramowsky,nabramowskyd3@smugmug.com
Val,Kubica,vkubicad4@cbc.ca
Sawyere,Cheeseman,scheesemand5@rambler.ru
Esta,Le Claire,eleclaired6@twitter.com
Meredith,Ropking,mropkingd7@amazon.co.uk
Dietrich,Newcome,dnewcomed8@cnn.com
Alisha,Coppins,acoppinsd9@trellian.com
Sarah,Clarae,sclaraeda@technorati.com
Louisa,Lannin,llannindb@google.com
Nial,Stannis,nstannisdc@usa.gov
Jase,Plumridge,jplumridgedd@netvibes.com
Spencer,Mussolini,smussolinide@1und1.de
Patrick,Beadles,pbeadlesdf@flickr.com
Hershel,Egle,hegledg@biglobe.ne.jp
Cory,Cartmael,ccartmaeldh@senate.gov
Milton,Marsh,mmarshdi@acquirethisname.com
Ingram,McGray,imcgraydj@zimbio.com
Wilma,Deex,wdeexdk@edublogs.org
Sigismond,Casale,scasaledl@irs.gov
Hyacinthia,Roderick,hroderickdm@reverbnation.com
Damiano,Cescot,dcescotdn@homestead.com
Debera,Sherel,dshereldo@scientificamerican.com
Lindie,Camplin,lcamplindp@sourceforge.net
Waldemar,Woodruffe,wwoodruffedq@baidu.com
Almire,Emmanuele,aemmanueledr@twitpic.com
Carny,Kienl,ckienlds@behance.net
Irena,Roiz,iroizdt@usatoday.com
Silvester,Petche,spetchedu@yahoo.com
Cassandre,Land,clanddv@prnewswire.com
Perkin,Zukerman,pzukermandw@cnet.com
Emlynne,Petyt,epetytdx@rambler.ru
Efren,Maidlow,emaidlowdy@fastcompany.com
Tabbatha,Peppard,tpepparddz@deliciousdays.com
Kurt,Valens-Smith,kvalenssmithe0@t-online.de
Mayne,Tyre,mtyree1@blogtalkradio.com
Errol,Apdell,eapdelle2@nih.gov
Sal,Silverton,ssilvertone3@jiathis.com
Nickie,Phalp,nphalpe4@networksolutions.com
Archy,Vine,avinee5@cloudflare.com
Nicol,Glashby,nglashbye6@sogou.com
Lanae,Edgeson,ledgesone7@issuu.com
Vick,Thunderchief,vthunderchiefe8@amazon.de
Arnoldo,Beccera,abeccerae9@joomla.org
Hurlee,Warke,hwarkeea@google.es
Ina,Decker,ideckereb@nba.com
Carlina,Boatwright,cboatwrightec@gravatar.com
Dacey,Bullard,dbullarded@etsy.com
Dallon,Episcopio,depiscopioee@tamu.edu
Karel,Fairney,kfairneyef@hao123.com
Jo-ann,Lerigo,jlerigoeg@moonfruit.com
Carlie,Whitby,cwhitbyeh@lulu.com
Ellie,Peirce,epeirceei@ed.gov
Hedda,Weeks,hweeksej@blinklist.com
Loise,Zincke,lzinckeek@infoseek.co.jp
Con,Rohlf,crohlfel@ftc.gov
Neville,Choules,nchoulesem@arstechnica.com
Libby,Latimer,llatimeren@tiny.cc
Lillis,Wrotham,lwrothameo@wordpress.org
Allyn,Spellsworth,aspellsworthep@microsoft.com
Marissa,Mileham,mmilehameq@phpbb.com
Arlyne,Sallinger,asallingerer@marriott.com
Spence,Pasticznyk,spasticznykes@imageshack.us
Bartholomew,Cabrara,bcabraraet@cocolog-nifty.com
Kevina,Tootin,ktootineu@scribd.com
Bentlee,Lghan,blghanev@salon.com
Elihu,Boatwright,eboatwrightew@senate.gov
Agata,Henriquet,ahenriquetex@friendfeed.com
Milty,Voice,mvoiceey@bloglovin.com
Fernanda,Firebrace,ffirebraceez@feedburner.com
Marline,Gofton,mgoftonf0@flavors.me
Rustin,Linney,rlinneyf1@hostgator.com
Claire,Rockwill,crockwillf2@google.com
Hermione,Creelman,hcreelmanf3@msu.edu
Arny,Barmadier,abarmadierf4@i2i.jp
Bobette,Simmill,bsimmillf5@vinaora.com
Annadiane,Long,alongf6@phoca.cz
Neile,Girardengo,ngirardengof7@who.int
Harry,Snap,hsnapf8@barnesandnoble.com
Bernarr,O'Fergus,bofergusf9@mit.edu
Seth,O'Bradden,sobraddenfa@yellowpages.com
Dominik,Lumb,dlumbfb@mit.edu
Adey,Tomala,atomalafc@wufoo.com
Caitlin,Mackney,cmackneyfd@slideshare.net
Peirce,Tilburn,ptilburnfe@macromedia.com
Sammie,Rhyme,srhymeff@themeforest.net
Carlie,Creed,ccreedfg@msn.com
Carlin,Shenfisch,cshenfischfh@harvard.edu
Krissie,Marquand,kmarquandfi@msn.com
Livvie,Logsdail,llogsdailfj@liveinternet.ru
Tamra,Willbraham,twillbrahamfk@sakura.ne.jp
Andria,Swett,aswettfl@fda.gov
Isidore,Crombleholme,icrombleholmefm@answers.com
Cosette,Ashness,cashnessfn@about.me
Aleksandr,Dalglish,adalglishfo@theglobeandmail.com
Sonny,Natwick,snatwickfp@people.com.cn
Marena,Main,mmainfq@ucoz.ru
Johann,Kearey,jkeareyfr@nationalgeographic.com
Dody,Bowhay,dbowhayfs@hexun.com
Sibyl,Leet,sleetft@bloomberg.com
Ivonne,Finan,ifinanfu@dailymotion.com
Kissie,Lempertz,klempertzfv@sohu.com
Aggi,Fluin,afluinfw@imgur.com
Cecilla,Deverille,cdeverillefx@gizmodo.com
Rubie,Gration,rgrationfy@1und1.de
Ced,Cristoferi,ccristoferifz@photobucket.com
Tove,Gould,tgouldg0@exblog.jp
Taffy,Franceschi,tfranceschig1@dagondesign.com
Van,Bardill,vbardillg2@netscape.com
Kassie,Turney,kturneyg3@networkadvertising.org
Berget,Barensen,bbarenseng4@lycos.com
Saunder,Virgin,svirging5@hp.com
Dee dee,McAdam,dmcadamg6@nifty.com
Cecil,Torrese,ctorreseg7@last.fm
Mil,Ransfield,mransfieldg8@ameblo.jp
Kylie,Drinan,kdrinang9@loc.gov
Loella,Walding,lwaldingga@tinypic.com
Donaugh,Karlolak,dkarlolakgb@apple.com
Lotte,Lamble,llamblegc@reference.com
Durward,Duddan,dduddangd@answers.com
Sigrid,Ulyatt,sulyattge@guardian.co.uk
Dillon,Maulden,dmauldengf@ehow.com
Garfield,Sinden,gsindengg@guardian.co.uk
Clint,De Ruggero,cderuggerogh@sbwire.com
Ruperto,Trubshaw,rtrubshawgi@nasa.gov
Aprilette,Ruscoe,aruscoegj@marketwatch.com
Andria,Clyma,aclymagk@hhs.gov
Mirabelle,Doerling,mdoerlinggl@friendfeed.com
Dodie,Rosenqvist,drosenqvistgm@blogspot.com
Gunilla,Meek,gmeekgn@cyberchimps.com
Blinny,Yerby,byerbygo@typepad.com
Wilden,Brient,wbrientgp@vkontakte.ru
Gibby,Nimmo,gnimmogq@goo.gl
Trevor,Lax,tlaxgr@reuters.com
Bobby,Cranny,bcrannygs@mayoclinic.com
Albina,Teliga,ateligagt@hibu.com
Jesse,Hurry,jhurrygu@example.com
Caryl,Nottram,cnottramgv@seesaa.net
Prisca,Muffett,pmuffettgw@hud.gov
Smitty,MacPharlain,smacpharlaingx@mapquest.com
Hillard,von Hagt,hvonhagtgy@archive.org
Cariotta,Southward,csouthwardgz@ucsd.edu
Murry,Earl,mearlh0@tripod.com
Starlin,Britto,sbrittoh1@state.gov
Zsa zsa,Redsall,zredsallh2@mysql.com
Joelie,Cloughton,jcloughtonh3@com.com
Perl,McGahey,pmcgaheyh4@state.tx.us
Modestia,Childs,mchildsh5@ibm.com
Loria,Guerrero,lguerreroh6@time.com
Bette-ann,McGairl,bmcgairlh7@lulu.com
Fee,Matyukon,fmatyukonh8@house.gov
Helsa,Drayn,hdraynh9@newsvine.com
Darrell,Hebron,dhebronha@goo.ne.jp
Brandy,Ferdinand,bferdinandhb@sourceforge.net
Dal,Limrick,dlimrickhc@washington.edu
Annabel,Fidal,afidalhd@uiuc.edu
Sheffield,Koopman,skoopmanhe@tamu.edu
Joellen,Waycot,jwaycothf@archive.org
Del,Berthe,dberthehg@webs.com
Theobald,Flounders,tfloundershh@technorati.com
Forest,Brown,fbrownhi@furl.net
Sybyl,Passy,spassyhj@house.gov
Jammie,Snowling,jsnowlinghk@va.gov
Tracie,Sissel,tsisselhl@friendfeed.com
Rodrique,Licciardiello,rlicciardiellohm@prweb.com
Earle,Crippen,ecrippenhn@globo.com
Skyler,Storey,sstoreyho@tripadvisor.com
Alasteir,Fortman,afortmanhp@zdnet.com
Egor,O'Hanley,eohanleyhq@twitter.com
Mil,Kemsley,mkemsleyhr@nbcnews.com
Filide,Liepins,fliepinshs@columbia.edu
Andreas,Sutherland,asutherlandht@wp.com
Dale,Kilmary,dkilmaryhu@washingtonpost.com
Lalo,Strass,lstrasshv@vk.com
Kristy,Ricart,kricarthw@studiopress.com
Ibbie,Giovannini,igiovanninihx@japanpost.jp
Kim,Tamblyn,ktamblynhy@loc.gov
Kathye,Maiklem,kmaiklemhz@jalbum.net
Jackqueline,Syddie,jsyddiei0@sbwire.com
Dody,Momford,dmomfordi1@soundcloud.com
Gretna,Hunnywell,ghunnywelli2@google.ca
Mattie,Wincott,mwincotti3@tinyurl.com
Jeff,Bownass,jbownassi4@google.com
Wini,Elsay,welsayi5@wordpress.org
Marcille,Groll,mgrolli6@usnews.com
Mackenzie,Reskelly,mreskellyi7@youtube.com
Arvy,Gosford,agosfordi8@ask.com
Zorana,Nicolls,znicollsi9@edublogs.org
Barbie,Gullis,bgullisia@barnesandnoble.com
Mariele,Decker,mdeckerib@privacy.gov.au
Paola,Dranfield,pdranfieldic@ucla.edu
Theresa,Seint,tseintid@hostgator.com
Lyn,Coleson,lcolesonie@narod.ru
Ailbert,Tenby,atenbyif@ox.ac.uk
Bertrand,Lidgely,blidgelyig@bluehost.com
Caritta,Ruselin,cruselinih@pagesperso-orange.fr
Gilberte,Skoughman,gskoughmanii@sourceforge.net
Caitrin,Darrington,cdarringtonij@shareasale.com
Celine,Tomaszkiewicz,ctomaszkiewiczik@deliciousdays.com
Christal,Heindrich,cheindrichil@shinystat.com
Marsha,Nordass,mnordassim@ameblo.jp
Felecia,Carrabott,fcarrabottin@mlb.com
Dieter,Gilgryst,dgilgrystio@drupal.org
Lani,Noury,lnouryip@ehow.com
Wolfgang,Tebbe,wtebbeiq@smh.com.au
Puff,MacDonnell,pmacdonnellir@google.de
Haslett,Nuzzetti,hnuzzettiis@liveinternet.ru
Netti,Milhench,nmilhenchit@scribd.com
Olympe,Houlden,ohouldeniu@shareasale.com
Lyn,Gealy,lgealyiv@auda.org.au
Arman,Wansbury,awansburyiw@sohu.com
Odelinda,Mathouse,omathouseix@bizjournals.com
Rheta,Dering,rderingiy@aboutads.info
Garek,Becker,gbeckeriz@google.ru
Drugi,Finneran,dfinneranj0@phpbb.com
Tripp,Stephens,tstephensj1@discovery.com
Barton,Cuddihy,bcuddihyj2@bbb.org
Darryl,Lisle,dlislej3@yandex.ru
Nananne,Benyon,nbenyonj4@goo.ne.jp
Lorelei,Marcum,lmarcumj5@vkontakte.ru
Gay,Spracklin,gspracklinj6@macromedia.com
Thekla,Pearmain,tpearmainj7@theatlantic.com
Nappie,Callow,ncallowj8@yellowpages.com
Nickola,Pendall,npendallj9@accuweather.com
Netta,Rowett,nrowettja@nature.com
Valerie,Shelbourne,vshelbournejb@seattletimes.com
Sayres,Burnsyde,sburnsydejc@time.com
Freddi,Benn,fbennjd@senate.gov
Odille,Gypson,ogypsonje@epa.gov
Lianna,Clemendet,lclemendetjf@booking.com
Colan,Dawes,cdawesjg@businessinsider.com
Marlo,Sharples,msharplesjh@reddit.com
Lee,Ketcher,lketcherji@hugedomains.com
Letizia,Cakebread,lcakebreadjj@infoseek.co.jp
Dena,Goggen,dgoggenjk@earthlink.net
Kerby,Moodie,kmoodiejl@goodreads.com
Olympe,Oxbury,ooxburyjm@godaddy.com
Darline,Mallabar,dmallabarjn@chronoengine.com
Isis,Gravet,igravetjo@cornell.edu
Adella,Lambdin,alambdinjp@mayoclinic.com
Fredrika,Blunkett,fblunkettjq@oracle.com
Seymour,Huleatt,shuleattjr@tripod.com
Marrilee,Fullagar,mfullagarjs@stumbleupon.com
Farand,Juschke,fjuschkejt@cargocollective.com
Ninette,Cutforth,ncutforthju@jalbum.net
Reinaldo,Huison,rhuisonjv@xrea.com
Harmony,Lenglet,hlengletjw@cocolog-nifty.com
Elvera,Jovey,ejoveyjx@furl.net
Nikolai,Straine,nstrainejy@webs.com
Kiley,Siene,ksienejz@wikia.com
Neill,Hallows,nhallowsk0@creativecommons.org
Hendrika,Barter,hbarterk1@blinklist.com
Hallie,Ritelli,hritellik2@springer.com
Milzie,Ounsworth,mounsworthk3@npr.org
Sharona,Easun,seasunk4@seattletimes.com
Lorette,Croutear,lcrouteark5@sciencedirect.com
Aidan,Dronsfield,adronsfieldk6@jimdo.com
Oliviero,Giurio,ogiuriok7@multiply.com
Dominick,Dalligan,ddalligank8@vinaora.com
Elisabetta,Yeeles,eyeelesk9@creativecommons.org
Jewel,McLewd,jmclewdka@geocities.com
Clareta,Melsom,cmelsomkb@squarespace.com
Broddy,Ivakhno,bivakhnokc@parallels.com
Bernardina,Wildbore,bwildborekd@berkeley.edu
Minnie,Conelly,mconellyke@cmu.edu
Mose,Cromer,mcromerkf@indiatimes.com
Otis,McGall,omcgallkg@tinyurl.com
Stefan,Dyter,sdyterkh@artisteer.com
Marla,MacGiolla Pheadair,mmacgiollapheadairki@friendfeed.com
Jorey,Buckenham,jbuckenhamkj@seattletimes.com
Hendrika,Vedenyapin,hvedenyapinkk@example.com
Shay,Cooper,scooperkl@altervista.org
Massimiliano,Scherme,mschermekm@ox.ac.uk
Shanda,Isac,sisackn@rediff.com
Kasey,Wakely,kwakelyko@dion.ne.jp
Alvina,Woolen,awoolenkp@goodreads.com
Dav,Brazer,dbrazerkq@ifeng.com
Bord,Kunert,bkunertkr@webs.com
Gregg,Wellfare,gwellfareks@ning.com
Dan,Medlin,dmedlinkt@xinhuanet.com
Clint,Nutley,cnutleyku@ca.gov
Chauncey,Tolputt,ctolputtkv@miitbeian.gov.cn
Richie,Goodrum,rgoodrumkw@virginia.edu
Xerxes,Bonde,xbondekx@mac.com
Farand,Airs,fairsky@hatena.ne.jp
Tina,Kubala,tkubalakz@europa.eu
Haleigh,Greedyer,hgreedyerl0@forbes.com
Trista,Chaudrelle,tchaudrellel1@wired.com
Bo,Lamar,blamarl2@istockphoto.com
Sonny,Gilyatt,sgilyattl3@tuttocitta.it
Eberto,Kornilov,ekornilovl4@printfriendly.com
Alden,Swoffer,aswofferl5@behance.net
Rem,Rolf,rrolfl6@prweb.com
Tammy,Ayshford,tayshfordl7@nsw.gov.au
Danyelle,Fretter,dfretterl8@scientificamerican.com
Base,Water,bwaterl9@creativecommons.org
Chaunce,Oiller,coillerla@comcast.net
Rees,Fredy,rfredylb@hao123.com
Bernete,Cadell,bcadelllc@nsw.gov.au
Franciska,Lowers,flowersld@ed.gov
Valina,Kivlin,vkivlinle@va.gov
Collette,Baumaier,cbaumaierlf@statcounter.com
Samuele,Dewberry,sdewberrylg@surveymonkey.com
Melvyn,Swinerd,mswinerdlh@purevolume.com
Brit,Iapico,biapicoli@ask.com
Leonelle,Palek,lpaleklj@lycos.com
Mickie,McCaffery,mmccafferylk@unc.edu
Tabby,Janman,tjanmanll@ibm.com
Taite,McClure,tmcclurelm@npr.org
Willy,Currao,wcurraoln@rambler.ru
Alistair,Revey,areveylo@bandcamp.com
Aryn,McFade,amcfadelp@ucla.edu
Dolf,Risbridger,drisbridgerlq@symantec.com
Elnore,Tooting,etootinglr@cam.ac.uk
Sheba,Buxcey,sbuxceyls@devhub.com
Karalynn,Comfort,kcomfortlt@theguardian.com
Danila,Gylle,dgyllelu@kickstarter.com
Kipp,Dockrell,kdockrelllv@who.int
Kalvin,Pentercost,kpentercostlw@nba.com
Rufus,Parsley,rparsleylx@mashable.com
Sander,Harmant,sharmantly@cpanel.net
Hagen,Shales,hshaleslz@bloglines.com
Jasper,Dellar,jdellarm0@forbes.com
Fayre,Kuhlmey,fkuhlmeym1@ezinearticles.com
Lucretia,O'Lehane,lolehanem2@soundcloud.com
Clay,Wilse,cwilsem3@imageshack.us
Norris,Winsborrow,nwinsborrowm4@yellowpages.com
Eustace,Mager,emagerm5@com.com
Tadd,Chettle,tchettlem6@usda.gov
Cordy,Lashmore,clashmorem7@networkadvertising.org
Sansone,Blanket,sblanketm8@ucoz.com
Hephzibah,Dory,hdorym9@tinyurl.com
Shayne,Grigorian,sgrigorianma@newsvine.com
Florina,Mabbott,fmabbottmb@barnesandnoble.com
Paulie,Wickrath,pwickrathmc@reuters.com
Osbourn,Essam,oessammd@hud.gov
Stevena,Santi,ssantime@adobe.com
Jess,Caudrelier,jcaudreliermf@drupal.org
Prince,Trinkwon,ptrinkwonmg@prweb.com
Margaretta,Fiorentino,mfiorentinomh@disqus.com
Charmion,Potier,cpotiermi@springer.com
Kenneth,Eloy,keloymj@tiny.cc
Amelie,Stuchburie,astuchburiemk@spotify.com
Ingaborg,Hierro,ihierroml@latimes.com
Rockie,McColl,rmccollmm@hc360.com
Damiano,Dorn,ddornmn@cmu.edu
Thoma,Pring,tpringmo@ovh.net
Marlo,Reuss,mreussmp@google.fr
Linda,Archbutt,larchbuttmq@marketwatch.com
Cheryl,Aizikovich,caizikovichmr@shareasale.com
Maudie,Claige,mclaigems@tuttocitta.it
Jillayne,Lambarth,jlambarthmt@yandex.ru
Winnie,Conlaund,wconlaundmu@csmonitor.com
Dion,Swatten,dswattenmv@disqus.com
Terrell,Pinckstone,tpinckstonemw@printfriendly.com
Petronilla,Arkley,parkleymx@upenn.edu
Pansy,Camble,pcamblemy@tiny.cc
Zebulon,Oldis,zoldismz@creativecommons.org
Ora,Santry,osantryn0@nhs.uk
Amil,Akister,aakistern1@washingtonpost.com
Bjorn,Linne,blinnen2@myspace.com
Tedmund,Bassil,tbassiln3@blogs.com
Sheridan,Armal,sarmaln4@comcast.net
Gregorio,Dufoure,gdufouren5@instagram.com
Cathrine,Gallaher,cgallahern6@wp.com
Quentin,Bugdall,qbugdalln7@accuweather.com
Nevin,Esmonde,nesmonden8@wix.com
Hans,Stansall,hstansalln9@nifty.com
Dell,Popworth,dpopworthna@weibo.com
Jewelle,Longthorn,jlongthornnb@live.com
Lexie,Tollady,ltolladync@umn.edu
Kailey,Wulfinger,kwulfingernd@latimes.com
Davide,Hamman,dhammanne@hatena.ne.jp
Blancha,Burkert,bburkertnf@google.com.br
Abbe,Jirek,ajirekng@bizjournals.com
Cherri,Tchaikovsky,ctchaikovskynh@cmu.edu
Molli,Derrington,mderringtonni@amazon.co.uk
Heindrick,Howlett,hhowlettnj@ycombinator.com
Bartlett,Wesgate,bwesgatenk@nature.com
Caroljean,Tombleson,ctomblesonnl@phpbb.com
Kele,Clipston,kclipstonnm@upenn.edu
Tony,Jedraszczyk,tjedraszczyknn@people.com.cn
Sterne,Ridge,sridgeno@yolasite.com
Hildegarde,Boundey,hboundeynp@freewebs.com
Kip,Yerrell,kyerrellnq@berkeley.edu
Moise,Benjafield,mbenjafieldnr@canalblog.com
Chryste,Jaher,cjaherns@reverbnation.com
Jake,Freund,jfreundnt@g.co
Katrina,Lillo,klillonu@xing.com
Christean,Grafhom,cgrafhomnv@fda.gov
Eward,Hamstead,ehamsteadnw@auda.org.au
Riccardo,Burdon,rburdonnx@state.gov
Winnah,Whiskin,wwhiskinny@surveymonkey.com
Terrill,Ingarfield,tingarfieldnz@reference.com
Jazmin,Infante,jinfanteo0@state.tx.us
Linc,Oxberry,loxberryo1@geocities.com
Darrelle,Pesak,dpesako2@cmu.edu
Arlen,Southers,asoutherso3@mail.ru
Kristy,Beetham,kbeethamo4@hatena.ne.jp
Anastasie,Odams,aodamso5@shop-pro.jp
Brucie,Sermin,bsermino6@google.com.br
Dewain,McDowall,dmcdowallo7@sohu.com
Catherina,Fraulo,cfrauloo8@facebook.com
Bernetta,Maus,bmauso9@jugem.jp
Anders,Duddy,aduddyoa@prnewswire.com
Tremain,Hearns,thearnsob@addthis.com
Richart,Spadari,rspadarioc@reverbnation.com
Karia,Pardew,kpardewod@themeforest.net
Chevy,Cassar,ccassaroe@si.edu
Bevan,Roggeman,broggemanof@bluehost.com
Ara,McNickle,amcnickleog@scribd.com
Marney,Syder,msyderoh@cam.ac.uk
Erna,Wild,ewildoi@comcast.net
Paloma,Pitcock,ppitcockoj@nymag.com
Randene,Creany,rcreanyok@deviantart.com
Liza,Losseljong,llosseljongol@guardian.co.uk
Edmon,Rudolph,erudolphom@chicagotribune.com
Theodosia,Riccio,triccioon@unicef.org
Leontyne,Dutton,lduttonoo@instagram.com
Maxwell,Leijs,mleijsop@lycos.com
Kaye,Errichelli,kerrichellioq@nhs.uk
Tristam,Nannoni,tnannonior@sitemeter.com
Katy,Muffin,kmuffinos@yellowbook.com
Massimiliano,Parramore,mparramoreot@sun.com
Claiborne,Dainty,cdaintyou@businessweek.com
Eachelle,Dealey,edealeyov@huffingtonpost.com
Andreana,Canfer,acanferow@drupal.org
Berthe,Borsi,bborsiox@forbes.com
Derrek,Monkton,dmonktonoy@unesco.org
Ford,Ogger,foggeroz@examiner.com
Star,Ellison,sellisonp0@twitter.com
Katleen,Rizzo,krizzop1@deliciousdays.com
Simmonds,Broomer,sbroomerp2@ed.gov
Cointon,Hentze,chentzep3@berkeley.edu
Dick,Cowerd,dcowerdp4@google.cn
Rona,Dictus,rdictusp5@over-blog.com
Tillie,Di Biasio,tdibiasiop6@msu.edu
Rafi,Gulvin,rgulvinp7@miitbeian.gov.cn
Hatty,Tullett,htullettp8@stumbleupon.com
Krispin,Panswick,kpanswickp9@wordpress.com
Georgie,Firk,gfirkpa@barnesandnoble.com
Stevana,Burhouse,sburhousepb@comcast.net
Iago,Ewbanke,iewbankepc@yandex.ru
Wade,Penkman,wpenkmanpd@time.com
Kahlil,Riteley,kriteleype@networksolutions.com
Guthry,Everest,geverestpf@ihg.com
Nahum,Redfearn,nredfearnpg@google.com.br
Abran,Rosetti,arosettiph@dyndns.org
Walden,Meaker,wmeakerpi@goo.gl
Teddi,Duprey,tdupreypj@weibo.com
Gretel,Paulucci,gpauluccipk@nytimes.com
Hermann,Attyeo,hattyeopl@fc2.com
Ara,Stanyer,astanyerpm@angelfire.com
Patrice,Painter,ppainterpn@imdb.com
Darnell,Killbey,dkillbeypo@boston.com
Denice,Smooth,dsmoothpp@yahoo.com
Gideon,Andrus,gandruspq@cbslocal.com
Sara,Vernay,svernaypr@ca.gov
Allegra,Landa,alandaps@icq.com
Brnaby,Houlden,bhouldenpt@e-recht24.de
Devondra,Thonason,dthonasonpu@homestead.com
Flo,Bortolazzi,fbortolazzipv@icq.com
Moises,Napper,mnapperpw@edublogs.org
Madelaine,Carbine,mcarbinepx@bandcamp.com
Tessie,Newtown,tnewtownpy@sakura.ne.jp
Gavrielle,Brassill,gbrassillpz@cnet.com
Cirilo,Mabbott,cmabbottq0@europa.eu
Sigismondo,Bernardo,sbernardoq1@columbia.edu
Corabella,de Wilde,cdewildeq2@scribd.com
Blair,Teasdale-Markie,bteasdalemarkieq3@youku.com
Lurleen,Castro,lcastroq4@unblog.fr
Bartolemo,Vaillant,bvaillantq5@jimdo.com
Lynnell,Slym,lslymq6@cbc.ca
Cornelia,Kippin,ckippinq7@liveinternet.ru
Mala,Cordaroy,mcordaroyq8@constantcontact.com
Cassy,Lacoste,clacosteq9@google.com.hk
Skell,Scuse,sscuseqa@aboutads.info
Arlen,Wickham,awickhamqb@cnet.com
Gaultiero,Gerritzen,ggerritzenqc@furl.net
Roosevelt,Davidwitz,rdavidwitzqd@tinypic.com
Revkah,Leemans,rleemansqe@spotify.com
Wandis,Whelband,wwhelbandqf@list-manage.com
Biddie,Fanshawe,bfanshaweqg@multiply.com
Mil,Ingall,mingallqh@forbes.com
Collen,Attridge,cattridgeqi@miitbeian.gov.cn
Morgen,Fealy,mfealyqj@cnet.com
Eloise,Mangan,emanganqk@surveymonkey.com
Luise,Curthoys,lcurthoysql@ebay.com
Chloris,Raoux,craouxqm@illinois.edu
Aluino,Ryrie,aryrieqn@japanpost.jp
Livvie,Natte,lnatteqo@1und1.de
Jesse,Cuddehy,jcuddehyqp@sun.com
Hersh,Peckett,hpeckettqq@cam.ac.uk
Talyah,Nellis,tnellisqr@mapy.cz
Joe,Antonelli,jantonelliqs@indiegogo.com
Sam,Giacomoni,sgiacomoniqt@yahoo.com
Ferguson,Fanton,ffantonqu@hud.gov
Opal,Lahrs,olahrsqv@blog.com
Sawyere,Kynder,skynderqw@zdnet.com
Pernell,Normavell,pnormavellqx@mediafire.com
Nate,Woollett,nwoollettqy@ft.com
Rois,Iddy,riddyqz@issuu.com
Johnathon,Binnes,jbinnesr0@chicagotribune.com
Sherwin,Caunter,scaunterr1@bandcamp.com
Retha,Van Dalen,rvandalenr2@flavors.me
Morly,Wallsam,mwallsamr3@wufoo.com
Currie,Luis,cluisr4@ovh.net
Gail,Konke,gkonker5@altervista.org
Jaine,Husby,jhusbyr6@abc.net.au
Paquito,Matteotti,pmatteottir7@answers.com
Dredi,Conradsen,dconradsenr8@ameblo.jp
Cyndia,Gautrey,cgautreyr9@desdev.cn
Jarred,Lower,jlowerra@sphinn.com
Anthe,Humby,ahumbyrb@cocolog-nifty.com
Marian,Pester,mpesterrc@usatoday.com
Erin,Dumberrill,edumberrillrd@sbwire.com
Raquela,Ryrie,rryriere@dropbox.com
Aubrey,Dignan,adignanrf@plala.or.jp
Willy,Rankmore,wrankmorerg@ocn.ne.jp
Kellina,Burlay,kburlayrh@bing.com
Inigo,Elders,ieldersri@fastcompany.com
Jeffy,Skeen,jskeenrj@delicious.com
Ivett,Philippart,iphilippartrk@desdev.cn
Thaddeus,Rozet,trozetrl@harvard.edu
Blancha,Soanes,bsoanesrm@ebay.co.uk
Kary,Berre,kberrern@china.com.cn
Carin,Longea,clongearo@patch.com
Berte,Gorst,bgorstrp@printfriendly.com
Kristoforo,Poacher,kpoacherrq@sogou.com
Jacinthe,Sherston,jsherstonrr@china.com.cn
